file,size_bytes,size_MB,stl_format,triangles,units,scale_to_mm,x_mm,y_mm,z_mm,volume_cm3,watertight,sha256,source,changes,license
board_M.stl,1447384,1.447,binary,28946,mm,1,230.00,230.00,50.00,2123.1,True,de88ec19bfd098f37496a539359e875308e41408d593c555f1076eee9a20ae67,"FMB (Luo et al.), peg_board.step, listed at https://functional-manipulation-benchmark.github.io/files/","STEP solid tessellated to STL (linear deflection 0.01 relative to edge size, angular 0.05 rad); translated so XY bbox centre = origin and min z = 0; not rotated","CC BY 4.0, https://creativecommons.org/licenses/by/4.0/"
peg_arch_M_150mm.stl,96684,0.097,binary,1932,mm,1,48.00,28.80,150.00,150.3,True,356414eed62620ed0576f65938d6103c73f98a8f0c58055adee88ee360124bae,"FMB (Luo et al.), peg.step, listed at https://functional-manipulation-benchmark.github.io/files/","STEP solid tessellated to STL (linear deflection 0.01 relative to edge size, angular 0.05 rad); translated so XY bbox centre = origin and min z = 0; not rotated","CC BY 4.0, https://creativecommons.org/licenses/by/4.0/"
peg_circle_M_150mm.stl,50284,0.050,binary,1004,mm,1,40.32,40.32,150.00,191.5,True,73b154b575860f7094ee534145bc112b60533f967a92f8ebb3fa229e2546a55e,"FMB (Luo et al.), peg.step, listed at https://functional-manipulation-benchmark.github.io/files/","STEP solid tessellated to STL (linear deflection 0.01 relative to edge size, angular 0.05 rad); translated so XY bbox centre = origin and min z = 0; not rotated","CC BY 4.0, https://creativecommons.org/licenses/by/4.0/"
peg_double_square_M_150mm.stl,102284,0.102,binary,2044,mm,1,53.00,20.39,150.00,142.2,True,0971753d95f52c3600dbe33fbd44a8f834015dd6d349983787b3af02374b0fb8,"FMB (Luo et al.), peg.step, listed at https://functional-manipulation-benchmark.github.io/files/","STEP solid tessellated to STL (linear deflection 0.01 relative to edge size, angular 0.05 rad); translated so XY bbox centre = origin and min z = 0; not rotated","CC BY 4.0, https://creativecommons.org/licenses/by/4.0/"
peg_ellipse_M_150mm.stl,66284,0.066,binary,1324,mm,1,43.20,28.80,150.00,146.6,True,fc9e6bbefa53817214ea440a3b8a1cb8bfca0dc51ff69ad9dfc9685abb24f3b8,"FMB (Luo et al.), peg.step, listed at https://functional-manipulation-benchmark.github.io/files/","STEP solid tessellated to STL (linear deflection 0.01 relative to edge size, angular 0.05 rad); translated so XY bbox centre = origin and min z = 0; not rotated","CC BY 4.0, https://creativecommons.org/licenses/by/4.0/"
peg_hexagon_M_150mm.stl,51484,0.051,binary,1028,mm,1,36.58,41.35,150.00,173.4,True,98d141f3666dc5548d7bfab7e383c4a75d7c188fad4bc267ae3599c34bdb4b5f,"FMB (Luo et al.), peg.step, listed at https://functional-manipulation-benchmark.github.io/files/","STEP solid tessellated to STL (linear deflection 0.01 relative to edge size, angular 0.05 rad); translated so XY bbox centre = origin and min z = 0; not rotated","CC BY 4.0, https://creativecommons.org/licenses/by/4.0/"
peg_rectangle_M_150mm.stl,51084,0.051,binary,1020,mm,1,40.32,25.92,150.00,155.7,True,f9baf06ae2aa28748dbccc68564021042ef96e2df30e82cd7e5d97b356623874,"FMB (Luo et al.), peg.step, listed at https://functional-manipulation-benchmark.github.io/files/","STEP solid tessellated to STL (linear deflection 0.01 relative to edge size, angular 0.05 rad); translated so XY bbox centre = origin and min z = 0; not rotated","CC BY 4.0, https://creativecommons.org/licenses/by/4.0/"
peg_square_round_M_150mm.stl,101684,0.102,binary,2032,mm,1,52.80,19.80,150.00,126.2,True,8f571bf08a1a6c3227cc142fb493cf4b334c3b92146c9d4ed2e5264e37fcf50f,"FMB (Luo et al.), peg.step, listed at https://functional-manipulation-benchmark.github.io/files/","STEP solid tessellated to STL (linear deflection 0.01 relative to edge size, angular 0.05 rad); translated so XY bbox centre = origin and min z = 0; not rotated","CC BY 4.0, https://creativecommons.org/licenses/by/4.0/"
peg_star_M_150mm.stl,102884,0.103,binary,2056,mm,1,43.95,42.08,150.00,134.2,True,095f06b95f64337f83cb12a974f85f51ab0ed4680db3501a33c446907f718e1f,"FMB (Luo et al.), peg.step, listed at https://functional-manipulation-benchmark.github.io/files/","STEP solid tessellated to STL (linear deflection 0.01 relative to edge size, angular 0.05 rad); translated so XY bbox centre = origin and min z = 0; not rotated","CC BY 4.0, https://creativecommons.org/licenses/by/4.0/"
peg_three_prong_M_150mm.stl,304884,0.305,binary,6096,mm,1,52.80,49.26,150.00,151.3,True,af83d8e0f5d8269afaa408f4a5ab448f07c9633ffbdc7a8e20ba3eacaf324096,"FMB (Luo et al.), peg.step, listed at https://functional-manipulation-benchmark.github.io/files/","STEP solid tessellated to STL (linear deflection 0.01 relative to edge size, angular 0.05 rad); translated so XY bbox centre = origin and min z = 0; not rotated","CC BY 4.0, https://creativecommons.org/licenses/by/4.0/"
